{"playerPosition":{"x":8.882438659667969,"y":-4.477424144744873,"z":-1.0}}