{"position":{"x":3.1138787269592287,"y":0.5225639343261719,"z":-1.0},"life":5.0,"canDash":true,"canDoubleJump":true}